ticker,name,first_year,last_year
A,Agilent Technologies Inc,2004,2023
AA,Alcoa Corp,2004,2016
AAL,American Airlines Group Inc,2016,2023
AAP,Advance Auto Parts Inc,2016,2023
AAPL,Apple Inc,2004,2023
ABBV,AbbVie Inc,2014,2023
ABC,AmerisourceBergen Corp,2004,2023
ABKFQ,Ambac Financial Group Inc/Old,2004,2008
ABMD,ABIOMED Inc,2019,2022
ABT,Abbott Laboratories,2004,2023
ACAS,ACAS LLC,2008,2009
ACGL,Arch Capital Group Ltd,2023,2023
ACN,Accenture PLC,2012,2023
ADBE,Adobe Inc,2004,2023
ADI,Analog Devices Inc,2004,2023
ADM,Archer-Daniels-Midland Co,2004,2023
ADP,Automatic Data Processing Inc,2004,2023
ADSK,Autodesk Inc,2004,2023
AEE,Ameren Corp,2004,2023
AEP,American Electric Power Co Inc,2004,2023
AES,AES Corp/The,2004,2023
AET,Aetna Inc,2004,2018
AFL,Aflac Inc,2004,2023
AGN,Allergan Ltd/Ireland,2004,2020
AIG,American International Group Inc,2004,2023
AIV,Apartment Investment and Management Co,2004,2020
AIZ,Assurant Inc,2008,2023
AJG,Arthur J Gallagher & Co,2017,2023
AKAM,Akamai Technologies Inc,2008,2023
AKS,Cleveland-Cliffs Steel Holding Corp,2009,2011
ALB,Albemarle Corp,2017,2023
ALGN,Align Technology Inc,2018,2023
ALK,Alaska Air Group Inc,2017,2023
ALL,Allstate Corp/The,2004,2023
ALLE,Allegion plc,2014,2023
ALXN,Alexion Pharmaceuticals Inc/MA,2013,2021
AMAT,Applied Materials Inc,2004,2023
AMCC,Applied Micro Circuits Corp,2004,2006
AMCR,Amcor PLC,2020,2023
AMD,Advanced Micro Devices Inc,2004,2023
AME,AMETEK Inc,2014,2023
AMG,Affiliated Managers Group Inc,2015,2019
AMGN,Amgen Inc,2004,2023
AMP,Ameriprise Financial Inc,2006,2023
AMT,American Tower Corp,2008,2023
AMZN,Amazon.com Inc,2006,2023
AN,AutoNation Inc,2004,2017
ANDV,Andeavor,2008,2018
ANDW,CommScope Technologies LLC,2004,2006
ANET,Arista Networks Inc,2019,2023
ANF,Abercrombie & Fitch Co,2008,2013
ANRZQ,Alpha Natural Resources Inc,2012,2012
ANSS,ANSYS Inc,2018,2023
AON,Aon PLC,2004,2023
AOS,A O Smith Corp,2018,2023
APA,APA Corp,2004,2023
APC,Anadarko Petroleum Corp,2004,2019
APD,Air Products and Chemicals Inc,2004,2023
APH,Amphenol Corp,2009,2023
APOL,Apollo Education Group Inc,2004,2013
APTV,Aptiv PLC,2013,2023
ARE,Alexandria Real Estate Equities Inc,2018,2023
ARG,Airgas Inc,2010,2016
ASH,Ashland Inc,2004,2008
ATGE,Adtalem Global Education Inc,2010,2012
ATI,ATI Inc,2004,2015
ATO,Atmos Energy Corp,2020,2023
ATVI,Activision Blizzard Inc,2016,2023
AVB,AvalonBay Communities Inc,2008,2023
AVGO,Broadcom Inc,2015,2023
AVP,Avon Products Inc,2004,2015
AVY,Avery Dennison Corp,2004,2023
AW,Allied Waste Industries LLC,2004,2008
AWE,New Cingular Wireless Services Inc,2004,2004
AWK,American Water Works Co Inc,2017,2023
AXP,American Express Co,2004,2023
AYE,Allegheny Energy Inc,2004,2011
AYI,Acuity Brands Inc,2017,2018
AZO,AutoZone Inc,2004,2023
BA,Boeing Co/The,2004,2023
BAC,Bank of America Corp,2004,2023
BALL,Ball Corp,2004,2023
BAX,Baxter International Inc,2004,2023
BBBY,Bed Bath & Beyond Inc,2004,2017
BBWI,Bath & Body Works Inc,2004,2023
BBY,Best Buy Co Inc,2004,2023
BC,Brunswick Corp/DE,2004,2008
BCR,CR Bard Inc,2004,2018
BDK,Black & Decker Corp/The,2004,2010
BDX,Becton Dickinson and Co,2004,2023
BEN,Franklin Resources Inc,2004,2023
BF,Brown-Forman Corp,2004,2023
BFH,Bread Financial Holdings Inc,2014,2020
BHF,Brighthouse Financial Inc,2018,2019
BHI,Baker Hughes Holdings LLC,2004,2017
BIG,Big Lots Inc,2004,2013
BIIB,Biogen Inc,2004,2023
BIO,Bio-Rad Laboratories Inc,2021,2023
BK,Bank of New York Mellon Corp/The,2004,2023
BKNG,Booking Holdings Inc,2010,2023
BKR,Baker Hughes Co,2018,2023
BLK,BlackRock Inc,2012,2023
BLS,BellSouth LLC,2004,2007
BMC,BMC Software Inc,2004,2013
BMS,Amcor Flexibles North America Inc,2004,2014
BMY,Bristol-Myers Squibb Co,2004,2023
BNI,Burlington Northern Santa Fe LLC,2004,2010
BOL,Bausch & Lomb Inc,2004,2007
BR,Broadridge Financial Solutions Inc,2019,2023
BRCM,Broadcom Corp,2004,2016
BRK,Berkshire Hathaway Inc,2011,2023
BRL,Barr Pharmaceuticals Inc,2007,2008
BRO,Brown & Brown Inc,2022,2023
BSX,Boston Scientific Corp,2004,2023
BTUUQ,Peabody Energy Corp,2007,2014
BWA,BorgWarner Inc,2012,2023
BXLT,Baxalta Inc,2016,2016
BXP,Boston Properties Inc,2007,2023
C,Citigroup Inc,2004,2023
CA,CA Inc,2004,2018
CAG,Conagra Brands Inc,2004,2023
CAH,Cardinal Health Inc,2004,2023
CAM,Cameron International Corp,2009,2016
CAR,Avis Budget Group Inc,2004,2006
CARR,Carrier Global Corp,2021,2023
CAT,Caterpillar Inc,2004,2023
CB,Chubb Ltd,2004,2023
CBE,Cooper Industries PLC,2004,2012
CBOE,Cboe Global Markets Inc,2018,2023
CBRE,CBRE Group Inc,2007,2023
CCEP,Coca-Cola Europacific Partners PLC,2004,2016
CCI,Crown Castle Inc,2013,2023
CCL,Carnival Corp,2004,2023
CCTYQ,Circuit City Stores Inc,2004,2008
CDAY,Ceridian HCM Holding Inc,2022,2023
CDNS,Cadence Design Systems Inc,2018,2023
CDW,CDW Corp/DE,2020,2023
CE,Celanese Corp,2019,2023
CEG,Constellation Energy Corp,2023,2023
CELG,Celgene Corp,2007,2019
CEPH,Cephalon Inc,2009,2011
CERN,Cerner Corp,2011,2022
CF,CF Industries Holdings Inc,2009,2023
CFC,Countrywide Financial Corp,2004,2008
CFG,Citizens Financial Group Inc,2017,2023
CFN,CareFusion Corp,2010,2015
CHD,Church & Dwight Co Inc,2016,2023
CHKAQ,Chesapeake Energy Corp,2007,2018
CHRW,CH Robinson Worldwide Inc,2008,2023
CHTR,Charter Communications Inc,2017,2023
CI,Cigna Group/The,2004,2023
CIEN,Ciena Corp,2004,2009
CIN,Cinergy Corp,2004,2006
CINF,Cincinnati Financial Corp,2004,2023
CITGQ,CIT Group Inc/Old,2005,2009
CL,Colgate-Palmolive Co,2004,2023
CLF,Cleveland-Cliffs Inc,2010,2014
CLX,Clorox Co/The,2004,2023
CMA,Comerica Inc,2004,2023
CMCSA,Comcast Corp,2004,2023
CME,CME Group Inc,2007,2023
CMG,Chipotle Mexican Grill Inc,2012,2023
CMI,Cummins Inc,2004,2023
CMS,CMS Energy Corp,2004,2023
CMVT,Comverse Technology Inc,2004,2007
CMX,Caremark Rx Inc,2005,2007
CNC,Centene Corp,2017,2023
CNP,CenterPoint Energy Inc,2004,2023
CNX,CNX Resources Corp,2007,2016
COF,Capital One Financial Corp,2004,2023
COL,Collins Aerospace,2004,2018
COO,Cooper Cos Inc/The,2017,2023
COP,ConocoPhillips,2004,2023
COST,Costco Wholesale Corp,2004,2023
COTY,Coty Inc,2017,2020
COV,Covidien Ltd,2008,2015
CPB,Campbell Soup Co,2004,2023
CPGX,Columbia Pipeline Group Inc,2016,2016
CPNLQ,Calpine Corp/Old,2004,2005
CPPRQ,Old Copper Co Inc,2004,2013
CPRI,Capri Holdings Ltd,2014,2020
CPRT,Copart Inc,2019,2023
CPT,Camden Property Trust,2023,2023
CRL,Charles River Laboratories International Inc,2022,2023
CRM,Salesforce Inc,2009,2023
CSC,Computer Sciences Corp,2004,2015
CSCO,Cisco Systems Inc,2004,2023
CSGP,CoStar Group Inc,2023,2023
CSRA,CSRA Inc,2016,2018
CSX,CSX Corp,2004,2023
CTAS,Cintas Corp,2004,2023
CTB,Cooper Tire & Rubber Co,2004,2006
CTLT,Catalent Inc,2021,2023
CTRA,Coterra Energy Inc,2009,2023
CTSH,Cognizant Technology Solutions Corp,2007,2023
CTVA,Corteva Inc,2020,2023
CTXS,Citrix Systems Inc,2004,2022
CVC,Cablevision Systems Corp,2011,2016
CVG,Convergys Corp,2004,2009
CVH,Coventry Health Care Inc,2006,2013
CVS,CVS Health Corp,2004,2023
CVX,Chevron Corp,2004,2023
CXO,Concho Resources Inc,2017,2021
CZR,Caesars Entertainment Inc,2022,2023
D,Dominion Energy Inc,2004,2023
DAL,Delta Air Lines Inc,2014,2023
DALRQ,Delta Air Lines Inc/Old,2004,2005
DCNAQ,Dana Corp,2004,2006
DD,DuPont de Nemours Inc,2018,2023
DDS,Dillard's Inc,2004,2008
DE,Deere & Co,2004,2023
DFODQ,Dean Foods Co,2007,2013
DFS,Discover Financial Services,2008,2023
DG,Dollar General Corp,2013,2023
DGX,Quest Diagnostics Inc,2004,2023
DHI,DR Horton Inc,2006,2023
DHR,Danaher Corp,2004,2023
DIS,Walt Disney Co/The,2004,2023
DISCA,Warner Bros Discovery Inc,2011,2022
DISCK,Warner Bros Discovery Inc,2015,2022
DISH,DISH Network Corp,2018,2023
DJ,Dow Jones & Co Inc,2004,2007
DLR,Digital Realty Trust Inc,2017,2023
DLTR,Dollar Tree Inc,2012,2023
DLX,Deluxe Corp,2004,2004
DNRCQ,Denbury Inc,2010,2015
DOFSQ,Diamond Offshore Drilling Inc,2010,2016
DOV,Dover Corp,2004,2023
DOW,Dow Inc,2020,2023
DPHIQ,DPH Holdings Corp,2004,2005
DPZ,Domino's Pizza Inc,2021,2023
DRE,Duke Realty Corp,2018,2022
DRI,Darden Restaurants Inc,2004,2023
DTE,DTE Energy Co,2004,2023
DUK,Duke Energy Corp,2004,2023
DVA,DaVita Inc,2009,2023
DVN,Devon Energy Corp,2004,2023
DXC,DXC Technology Co,2018,2023
DXCM,Dexcom Inc,2021,2023
DYNIQ,Dynegy Inc/Old,2004,2009
EA,Electronic Arts Inc,2004,2023
EBAY,eBay Inc,2004,2023
ECL,Ecolab Inc,2004,2023
ED,Consolidated Edison Inc,2004,2023
EFX,Equifax Inc,2004,2023
EIX,Edison International,2004,2023
EKDKQ,Eastman Kodak Co,2004,2010
EL,Estee Lauder Cos Inc/The,2007,2023
ELV,Elevance Health Inc,2004,2023
EMC,EMC Corp,2004,2016
EMN,Eastman Chemical Co,2004,2023
EMR,Emerson Electric Co,2004,2023
ENDPQ,Endo International PLC,2016,2017
ENPH,Enphase Energy Inc,2022,2023
EOG,EOG Resources Inc,2004,2023
EOP,Equity Office Properties Trust,2004,2007
EPAM,EPAM Systems Inc,2022,2023
EQIX,Equinix Inc,2016,2023
EQR,Equity Residential,2004,2023
EQT,EQT Corp,2009,2023
ES,Eversource Energy,2010,2023
ESRX,Evernorth Health Inc,2004,2018
ESS,Essex Property Trust Inc,2015,2023
ETFC,E*TRADE Financial Corp,2005,2020
ETN,Eaton Corp PLC,2004,2023
ETR,Entergy Corp,2004,2023
ETSY,Etsy Inc,2021,2023
EVHC,Envision Healthcare Corp,2017,2018
EVRG,Evergy Inc,2019,2023
EW,Edwards Lifesciences Corp,2012,2023
EXC,Exelon Corp,2004,2023
EXPD,Expeditors International of Washington Inc,2008,2023
EXPE,Expedia Group Inc,2008,2023
EXR,Extra Space Storage Inc,2017,2023
F,Ford Motor Co,2004,2023
FANG,Diamondback Energy Inc,2019,2023
FAST,Fastenal Co,2009,2023
FBF,FleetBoston Financial Corp,2004,2004
FBIN,Fortune Brands Innovations Inc,2017,2022
FCX,Freeport-McMoRan Inc,2004,2023
FDO,Family Dollar Stores Inc,2004,2015
FDS,FactSet Research Systems Inc,2022,2023
FDX,FedEx Corp,2004,2023
FE,FirstEnergy Corp,2004,2023
FFIV,F5 Inc,2011,2023
FHI,Federated Hermes Inc,2004,2013
FHN,First Horizon Corp,2004,2013
FIS,Fidelity National Information Services Inc,2007,2023
FISV,Fiserv Inc,2004,2023
FITB,Fifth Third Bancorp,2004,2023
FL,Foot Locker Inc,2017,2019
FLIR,FLIR Systems Inc,2010,2021
FLR,Fluor Corp,2004,2019
FLS,Flowserve Corp,2009,2021
FLT,FleetCor Technologies Inc,2019,2023
FMC,FMC Corp,2010,2023
FMCC,Federal Home Loan Mortgage Corp,2004,2008
FNMA,Federal National Mortgage Association,2004,2008
FOSL,Fossil Group Inc,2013,2016
FOX,Fox Corp,2020,2023
FOXA,Fox Corp,2020,2023
FRC,First Republic Bank/CA,2020,2023
FRT,Federal Realty Investment Trust,2017,2023
FSH,Fisher Scientific International LLC,2005,2006
FSL,NXP USA Inc,2005,2006
FSLR,First Solar Inc,2010,2023
FTI,TechnipFMC PLC,2010,2021
FTNT,Fortinet Inc,2019,2023
FTRCQ,Frontier Communications Corp,2004,2017
FTV,Fortive Corp,2017,2023
GAS,Southern Co Gas,2012,2016
GD,General Dynamics Corp,2004,2023
GDT,Guidant LLC,2004,2006
GDW,Golden West Financial Corp,2004,2006
GE,General Electric Co,2004,2023
GEN,Gen Digital Inc,2004,2023
GENZ,Genzyme Corp,2004,2011
GGP,Brookfield Property REIT Inc,2008,2018
GHC,Graham Holdings Co,2008,2014
GILD,Gilead Sciences Inc,2005,2023
GIS,General Mills Inc,2004,2023
GL,Globe Life Inc,2004,2023
GLW,Corning Inc,2004,2023
GM,General Motors Co,2014,2023
GMCR,Keurig Green Mountain Inc,2015,2016
GME,GameStop Corp,2008,2016
GNRC,Generac Holdings Inc,2022,2023
GNW,Genworth Financial Inc,2006,2015
GOOG,Alphabet Inc,2015,2023
GOOGL,Alphabet Inc,2007,2023
GPC,Genuine Parts Co,2004,2023
GPN,Global Payments Inc,2017,2023
GPS,Gap Inc/The,2004,2022
GR,Goodrich Corp,2004,2012
GRMN,Garmin Ltd,2013,2023
GS,Goldman Sachs Group Inc/The,2004,2023
GT,Goodyear Tire & Rubber Co/The,2004,2019
GTW,Gateway Inc,2004,2006
GWW,WW Grainger Inc,2004,2023
HAL,Halliburton Co,2004,2023
HAR,Harman International Industries Inc,2007,2017
HAS,Hasbro Inc,2004,2023
HBAN,Huntington Bancshares Inc/OH,2004,2023
HBI,Hanesbrands Inc,2016,2021
HCA,HCA Healthcare Inc,2016,2023
HCBK,Hudson City Bancorp Inc,2008,2015
HD,Home Depot Inc/The,2004,2023
HES,Hess Corp,2004,2023
HET,Caesars Entertainment Corp/Old,2004,2008
HFC,HollyFrontier Corp,2019,2021
HIG,Hartford Financial Services Group Inc/The,2004,2023
HII,Huntington Ingalls Industries Inc,2019,2023
HLT,Hilton Worldwide Holdings Inc,2018,2023
HNZ,Kraft Heinz Foods Co,2004,2013
HOG,Harley-Davidson Inc,2004,2020
HOLX,Hologic Inc,2017,2023
HON,Honeywell International Inc,2004,2023
HOT,Starwood Hotels & Resorts Worldwide LLC,2004,2016
HP,Helmerich & Payne Inc,2011,2020
HPC,Hercules LLC,2004,2008
HPE,Hewlett Packard Enterprise Co,2016,2023
HPQ,HP Inc,2004,2023
HRB,H&R Block Inc,2004,2020
HRL,Hormel Foods Corp,2010,2023
HSH,Hillshire Brands Co/The,2004,2012
HSIC,Henry Schein Inc,2016,2023
HSP,Hospira Inc,2005,2015
HST,Host Hotels & Resorts Inc,2008,2023
HSY,Hershey Co/The,2004,2023
HUM,Humana Inc,2004,2023
HWM,Howmet Aerospace Inc,2017,2023
IBM,International Business Machines Corp,2004,2023
ICE,Intercontinental Exchange Inc,2008,2023
IDXX,IDEXX Laboratories Inc,2018,2023
IEX,IDEX Corp,2020,2023
IFF,International Flavors & Fragrances Inc,2004,2023
ILMN,Illumina Inc,2016,2023
INCY,Incyte Corp,2018,2023
INFO,IHS Markit Ltd,2018,2022
INTC,Intel Corp,2004,2023
INTU,Intuit Inc,2004,2023
INVH,Invitation Homes Inc,2023,2023
IP,International Paper Co,2004,2023
IPG,Interpublic Group of Cos Inc/The,2004,2023
IPGP,IPG Photonics Corp,2019,2022
IQV,IQVIA Holdings Inc,2018,2023
IR,Ingersoll Rand Inc,2021,2023
IRM,Iron Mountain Inc,2010,2023
ISRG,Intuitive Surgical Inc,2009,2023
IT,Gartner Inc,2018,2023
ITT,ITT Inc,2004,2011
ITW,Illinois Tool Works Inc,2004,2023
IVZ,Invesco Ltd,2009,2023
J,Jacobs Solutions Inc,2023,2023
JBHT,JB Hunt Transport Services Inc,2016,2023
JBL,Jabil Inc,2004,2014
JCI,Johnson Controls International plc,2004,2023
JEF,Jefferies Financial Group Inc,2008,2019
JHF,John Hancock Financial Services Inc,2004,2004
JKHY,Jack Henry & Associates Inc,2019,2023
JNJ,Johnson & Johnson,2004,2023
JNPR,Juniper Networks Inc,2007,2023
JNS,Janus Henderson US Holdings Inc,2004,2011
JNY,Jones Group Inc/NY,2004,2009
JOY,Komatsu Mining Corp,2012,2015
JPM,JPMorgan Chase & Co,2004,2023
JWN,Nordstrom Inc,2004,2020
K,Kellogg Co,2004,2023
KATE,Kate Spade & Co LLC,2004,2008
KBH,KB Home,2004,2009
KDP,Keurig Dr Pepper Inc,2009,2023
KEY,KeyCorp,2004,2023
KEYS,Keysight Technologies Inc,2019,2023
KG,KP Pharmaceuticals LLC,2004,2010
KHC,Kraft Heinz Co/The,2016,2023
KIM,Kimco Realty Corp,2007,2023
KLAC,KLA Corp,2004,2023
KMB,Kimberly-Clark Corp,2004,2023
KMI,Kinder Morgan Inc,2013,2023
KMX,CarMax Inc,2011,2023
KO,Coca-Cola Co/The,2004,2023
KR,Kroger Co/The,2004,2023
KRB,MBNA Corp,2004,2006
KRFT,Kraft Foods Group Inc,2013,2015
KRI,Knight Ridder Inc,2004,2006
KSE,KeySpan Corp,2004,2007
KSS,Kohl's Corp,2004,2020
KSU,Kansas City Southern/Old,2014,2021
L,Loews Corp,2004,2023
LDOS,Leidos Holdings Inc,2010,2023
LEG,Leggett & Platt Inc,2004,2021
LEHMQ,Lehman Brothers Holdings Inc,2004,2008
LEN,Lennar Corp,2006,2023
LH,Laboratory Corp of America Holdings,2005,2023
LHX,L3Harris Technologies Inc,2009,2023
LKQ,LKQ Corp,2017,2023
LLTC,Linear Technology Corp,2004,2017
LLY,Eli Lilly & Co,2004,2023
LM,Legg Mason Inc,2007,2016
LMT,Lockheed Martin Corp,2004,2023
LNC,Lincoln National Corp,2004,2023
LNT,Alliant Energy Corp,2017,2023
LO,Lorillard LLC,2009,2015
LOW,Lowe's Cos Inc,2004,2023
LPX,Louisiana-Pacific Corp,2004,2006
LRCX,Lam Research Corp,2013,2023
LUMN,Lumen Technologies Inc,2004,2023
LUV,Southwest Airlines Co,2004,2023
LVLT,Level 3 Communications Inc,2015,2017
LVS,Las Vegas Sands Corp,2020,2023
LW,Lamb Weston Holdings Inc,2019,2023
LXK,Lexmark International Inc,2004,2012
LYB,LyondellBasell Industries NV,2013,2023
LYV,Live Nation Entertainment Inc,2020,2023
M,Macy's Inc,2004,2020
MA,Mastercard Inc,2009,2023
MAA,Mid-America Apartment Communities Inc,2017,2023
MAC,Macerich Co/The,2014,2019
MAR,Marriott International Inc/MD,2004,2023
MAS,Masco Corp,2004,2023
MAT,Mattel Inc,2004,2019
MBI,MBIA Inc,2004,2009
MCD,McDonald's Corp,2004,2023
MCHP,Microchip Technology Inc,2008,2023
MCK,McKesson Corp,2004,2023
MCO,Moody's Corp,2004,2023
MDLZ,Mondelez International Inc,2008,2023
MDP,Hawkeye Acquisition Inc,2004,2011
MDT,Medtronic PLC,2004,2023
MEE,Alpha Appalachia Holdings LLC,2009,2011
MEL,Mellon Financial Corp,2004,2007
MER,Merrill Lynch & Co Inc,2004,2009
MET,MetLife Inc,2004,2023
META,Meta Platforms Inc,2014,2023
MFE,McAfee Inc,2009,2011
MGM,MGM Resorts International,2018,2023
MHK,Mohawk Industries Inc,2014,2023
MHS,Medco Health Solutions Inc,2004,2012
MJN,Mead Johnson Nutrition Co,2010,2017
MKC,McCormick & Co Inc/MD,2004,2023
MKTX,MarketAxess Holdings Inc,2020,2023
MLM,Martin Marietta Materials Inc,2015,2023
MMC,Marsh & McLennan Cos Inc,2004,2023
MMM,3M Co,2004,2023
MNKKQ,Mallinckrodt PLC,2015,2017
MNST,Monster Beverage Corp,2016,2023
MO,Altria Group Inc,2004,2023
MOH,Molina Healthcare Inc,2023,2023
MOLX,Molex LLC/US,2004,2013
MOS,Mosaic Co/The,2012,2023
MPC,Marathon Petroleum Corp,2012,2023
MPWR,Monolithic Power Systems Inc,2022,2023
MRK,Merck & Co Inc,2004,2023
MRNA,Moderna Inc,2022,2023
MRO,Marathon Oil Corp,2004,2023
MS,Morgan Stanley,2004,2023
MSCI,MSCI Inc,2019,2023
MSFT,Microsoft Corp,2004,2023
MSI,Motorola Solutions Inc,2004,2023
MTB,M&T Bank Corp,2005,2023
MTCH,Match Group Inc,2022,2023
MTD,Mettler-Toledo International Inc,2017,2023
MTG,MGIC Investment Corp,2004,2008
MTLQQ,Motors Liquidation Co,2004,2009
MTW,Manitowoc Co Inc/The,2008,2009
MU,Micron Technology Inc,2004,2023
MUR,Murphy Oil Corp,2006,2017
MWV,WestRock MWV LLC,2004,2015
MWW,Monster Worldwide Inc,2004,2011
MXIM,Maxim Integrated Products Inc,2004,2021
MYL,Mylan NV,2005,2020
NAV,Navistar International Corp,2004,2006
NAVI,Navient Corp,2015,2018
NBL,Noble Energy Inc,2008,2020
NBR,Nabors Industries Ltd,2004,2015
NCC,National City Corp,2004,2009
NCLH,Norwegian Cruise Line Holdings Ltd,2018,2023
NCR,NCR Corp,2004,2007
NDAQ,Nasdaq Inc,2009,2023
NDSN,Nordson Corp,2023,2023
NEBLQ,Noble Holding Corp PLC,2004,2015
NEE,NextEra Energy Inc,2004,2023
NEM,Newmont Corp,2004,2023
NFB,North Fork Bancorporation Inc,2004,2006
NFLX,Netflix Inc,2011,2023
NFX,Ovintiv Exploration Inc,2011,2019
NI,NiSource Inc,2004,2023
NKE,NIKE Inc,2004,2023
NKTR,Nektar Therapeutics,2019,2019
NLSN,Nielsen Holdings Ltd,2016,2022
NOC,Northrop Grumman Corp,2004,2023
NOV,NOV Inc,2006,2021
NOVL,Micro Focus Software Inc,2004,2011
NOW,ServiceNow Inc,2020,2023
NRG,NRG Energy Inc,2011,2023
NSC,Norfolk Southern Corp,2004,2023
NTAP,NetApp Inc,2004,2023
NTRS,Northern Trust Corp,2004,2023
NUE,Nucor Corp,2004,2023
NVDA,NVIDIA Corp,2004,2023
NVR,NVR Inc,2020,2023
NWL,Newell Brands Inc,2004,2023
NWS,News Corp,2016,2023
NWSA,News Corp,2014,2023
NXPI,NXP Semiconductors NV,2022,2023
NXTL,Nextel Communications Inc,2004,2005
NYT,New York Times Co/The,2004,2010
O,Realty Income Corp,2016,2023
ODFL,Old Dominion Freight Line Inc,2020,2023
OGN,Organon & Co,2022,2023
OI,O-I Glass Inc,2010,2016
OKE,ONEOK Inc,2011,2023
OMC,Omnicom Group Inc,2004,2023
OMX,OfficeMax Inc,2004,2008
ON,ON Semiconductor Corp,2023,2023
ORCL,Oracle Corp,2004,2023
ORLY,O'Reilly Automotive Inc,2010,2023
OTIS,Otis Worldwide Corp,2021,2023
OXY,Occidental Petroleum Corp,2004,2023
PARA,Paramount Global,2004,2023
PAYC,Paycom Software Inc,2021,2023
PAYX,Paychex Inc,2004,2023
PBCT,People's United Financial Inc,2009,2022
PBG,Pepsi Bottling Group Inc/The,2004,2010
PBI,Pitney Bowes Inc,2004,2017
PCAR,PACCAR Inc,2004,2023
PCG,PG&E Corp,2004,2023
PCL,Plum Creek Timber Co Inc,2004,2016
PCP,Precision Castparts Corp,2008,2016
PDCO,Patterson Cos Inc,2006,2018
PEAK,Healthpeak Properties Inc,2009,2023
PEG,Public Service Enterprise Group Inc,2004,2023
PENN,Penn Entertainment Inc,2022,2022
PEP,PepsiCo Inc,2004,2023
PETM,PetSmart LLC,2013,2015
PFE,Pfizer Inc,2004,2023
PFG,Principal Financial Group Inc,2004,2023
PG,Procter & Gamble Co/The,2004,2023
PGL,Peoples Energy LLC,2004,2007
PGR,Progressive Corp/The,2004,2023
PH,Parker-Hannifin Corp,2004,2023
PHM,PulteGroup Inc,2004,2023
PKG,Packaging Corp of America,2018,2023
PKI,PerkinElmer Inc,2004,2023
PLD,Prologis Inc,2012,2023
PM,Philip Morris International Inc,2009,2023
PMCS,Microsemi Storage Solutions Inc,2004,2007
PNC,PNC Financial Services Group Inc/The,2004,2023
PNR,Pentair PLC,2013,2023
PNW,Pinnacle West Capital Corp,2004,2023
POM,Pepco Holdings LLC,2008,2016
POOL,Pool Corp,2021,2023
PPG,PPG Industries Inc,2004,2023
PPL,PPL Corp,2004,2023
PRGO,Perrigo Co PLC,2012,2021
PRU,Prudential Financial Inc,2004,2023
PSA,Public Storage,2006,2023
PSX,Phillips 66,2013,2023
PTC,PTC Inc,2004,2023
PTV,Pactiv LLC,2004,2010
PVH,PVH Corp,2014,2022
PVN,Providian Financial Corp,2004,2005
PWER,Power-One Inc,2004,2005
PWR,Quanta Services Inc,2010,2023
PXD,Pioneer Natural Resources Co,2009,2023
PYPL,PayPal Holdings Inc,2016,2023
QCOM,QUALCOMM Inc,2004,2023
QEP,QEP Resources Inc,2011,2015
QLGC,QLogic LLC,2004,2011
QRVO,Qorvo Inc,2016,2023
R,Ryder System Inc,2004,2017
RAI,Reynolds American Inc,2004,2017
RBK,Reebok International Ltd,2004,2006
RCL,Royal Caribbean Cruises Ltd,2015,2023
RDC,Rowan Cos Ltd,2004,2014
RE,Everest Re Group Ltd,2018,2023
REG,Regency Centers Corp,2018,2023
REGN,Regeneron Pharmaceuticals Inc,2014,2023
RF,Regions Financial Corp,2005,2023
RHI,Robert Half International Inc,2004,2023
RHT,Red Hat Inc,2010,2019
RIG,Transocean Ltd,2004,2017
RJF,Raymond James Financial Inc,2018,2023
RL,Ralph Lauren Corp,2008,2023
RMD,ResMed Inc,2018,2023
ROH,Rohm and Haas Co,2004,2009
ROK,Rockwell Automation Inc,2004,2023
ROL,Rollins Inc,2019,2023
ROP,Roper Technologies Inc,2010,2023
ROST,Ross Stores Inc,2010,2023
RRC,Range Resources Corp,2008,2018
RRD,RR Donnelley & Sons Co,2004,2012
RSG,Republic Services Inc,2009,2023
RSHCQ,RS Legacy Corp,2004,2011
RTN,Raytheon Co,2004,2020
RTX,Raytheon Technologies Corp,2004,2023
RX,IQVIA Inc,2004,2010
SANM,Sanmina Corp,2004,2007
SBAC,SBA Communications Corp,2018,2023
SBNY,Signature Bank/New York NY,2022,2023
SBUX,Starbucks Corp,2004,2023
SCG,SCANA Corp,2010,2019
SCHW,Charles Schwab Corp/The,2004,2023
SEBL,Siebel Systems Inc,2004,2006
SEDG,SolarEdge Technologies Inc,2022,2023
SEE,Sealed Air Corp,2004,2023
SGP,Schering-Plough Corp/Pre-merger with Merck & Co Inc,2004,2009
SHLDQ,Sears Holdings Corp,2006,2012
SHW,Sherwin-Williams Co/The,2004,2023
SIAL,Sigma-Aldrich Corp,2004,2015
SIG,Signet Jewelers Ltd,2016,2018
SITC,SITE Centers Corp,2008,2009
SIVB,SVB Financial Group,2019,2023
SJM,J M Smucker Co/The,2009,2023
SLB,Schlumberger NV,2004,2023
SLG,SL Green Realty Corp,2016,2021
SLM,SLM Corp,2004,2014
SNA,Snap-on Inc,2004,2023
SNDK,SanDisk LLC,2007,2016
SNI,Scripps Networks Interactive Inc,2009,2018
SNPS,Synopsys Inc,2018,2023
SNV,Synovus Financial Corp,2004,2008
SO,Southern Co/The,2004,2023
SOV,Santander Holdings USA Inc,2005,2009
SPG,Simon Property Group Inc,2004,2023
SPGI,S&P Global Inc,2004,2023
SPLS,Staples Inc,2004,2017
SRCL,Stericycle Inc,2009,2018
SRE,Sempra Energy,2004,2023
SSP,EW Scripps Co/The,2006,2008
STE,STERIS PLC,2020,2023
STI,SunTrust Banks Inc,2004,2019
STJ,St Jude Medical Inc,2004,2017
STLD,Steel Dynamics Inc,2023,2023
STT,State Street Corp,2004,2023
STX,Seagate Technology Holdings PLC,2013,2023
STZ,Constellation Brands Inc,2006,2023
SUNEQ,SunEdison Inc,2008,2011
SVU,SUPERVALU Inc,2004,2012
SWK,Stanley Black & Decker Inc,2004,2023
SWKS,Skyworks Solutions Inc,2016,2023
SWN,Southwestern Energy Co,2009,2017
SWY,Safeway Inc,2004,2015
SYF,Synchrony Financial,2016,2023
SYK,Stryker Corp,2004,2023
SYY,Sysco Corp,2004,2023
T,AT&T Inc,2004,2023
TAP,Molson Coors Beverage Co,2004,2023
TAP,Travelers Property Casualty Corp,2004,2004
TDC,Teradata Corp,2008,2017
TDG,TransDigm Group Inc,2017,2023
TDY,Teledyne Technologies Inc,2021,2023
TECH,Bio-Techne Corp,2022,2023
TEG,Integrys Energy Group Inc,2008,2015
TEK,Tektronix Inc,2004,2007
TEL,TE Connectivity Ltd,2008,2023
TER,Teradyne Inc,2004,2023
TEX,Terex Corp,2007,2008
TFC,Truist Financial Corp,2004,2023
TFCF,TFCF Corp,2016,2019
TFCFA,TFCF Corp,2005,2019
TFX,Teleflex Inc,2020,2023
TGNA,TEGNA Inc,2004,2017
TGT,Target Corp,2004,2023
THC,Tenet Healthcare Corp,2004,2016
TIE,Titanium Metals Corp,2008,2012
TIN,Temple-Inland LLC,2004,2007
TJX,TJX Cos Inc/The,2004,2023
TLAB,Infinera Optical Holding Inc,2004,2011
TMO,Thermo Fisher Scientific Inc,2004,2023
TMUS,T-Mobile US Inc,2010,2023
TNB,ABB Installation Products Inc,2004,2004
TNL,Travel + Leisure Co,2007,2018
TOY,Toys R US Inc/Old,2004,2005
TPR,Tapestry Inc,2005,2023
TRB,Tribune Co/Old,2004,2007
TRGP,Targa Resources Corp,2023,2023
TRIP,TripAdvisor Inc,2012,2019
TRMB,Trimble Inc,2022,2023
TROW,T Rowe Price Group Inc,2004,2023
TRV,Travelers Cos Inc/The,2004,2023
TSCO,Tractor Supply Co,2015,2023
TSLA,Tesla Inc,2021,2023
TSN,Tyson Foods Inc,2006,2023
TSS,Total System Services Inc,2009,2019
TT,Trane Technologies PLC,2004,2023
TTWO,Take-Two Interactive Software Inc,2019,2023
TUP,Tupperware Brands Corp,2004,2004
TWC,Time Warner Cable Inc,2010,2016
TWTR,Twitter Inc,2019,2022
TWX,Time Warner Inc,2004,2018
TXN,Texas Instruments Inc,2004,2023
TXT,Textron Inc,2004,2023
TXU,Energy Future Holdings Corp,2004,2007
TYL,Tyler Technologies Inc,2021,2023
UA,Under Armour Inc,2017,2022
UAA,Under Armour Inc,2015,2022
UAL,United Airlines Holdings Inc,2016,2023
UDR,UDR Inc,2017,2023
UHS,Universal Health Services Inc,2015,2023
UIS,Unisys Corp,2004,2008
ULTA,Ulta Beauty Inc,2017,2023
UNH,UnitedHealth Group Inc,2004,2023
UNM,Unum Group,2004,2021
UNP,Union Pacific Corp,2004,2023
UPS,United Parcel Service Inc,2004,2023
URBN,Urban Outfitters Inc,2011,2017
URI,United Rentals Inc,2015,2023
USB,US Bancorp,2004,2023
V,Visa Inc,2010,2023
VALPQ,Valaris plc,2008,2016
VAR,Varian Medical Systems Inc,2008,2021
VFC,VF Corp,2004,2023
VIAB,Viacom Inc,2007,2019
VIAV,Viavi Solutions Inc,2004,2013
VICI,VICI Properties Inc,2023,2023
VLO,Valero Energy Corp,2005,2023
VMC,Vulcan Materials Co,2004,2023
VNO,Vornado Realty Trust,2006,2023
VNT,Vontier Corp,2021,2021
VRSK,Verisk Analytics Inc,2016,2023
VRSN,VeriSign Inc,2007,2023
VRTX,Vertex Pharmaceuticals Inc,2014,2023
VSTNQ,Visteon Corp/Old,2004,2006
VTR,Ventas Inc,2010,2023
VTRS,Viatris Inc,2021,2023
VZ,Verizon Communications Inc,2004,2023
WAB,Westinghouse Air Brake Technologies Corp,2020,2023
WAMUQ,Washington Mutual Inc,2004,2008
WAT,Waters Corp,2004,2023
WBA,Walgreens Boots Alliance Inc,2004,2023
WBD,Warner Bros Discovery Inc,2023,2023
WCG,WellCare Health Plans Inc,2019,2020
WDC,Western Digital Corp,2010,2023
WEC,WEC Energy Group Inc,2009,2023
WELL,Welltower Inc,2010,2023
WFC,Wells Fargo & Co,2004,2023
WFM,Whole Foods Market Inc,2007,2017
WFTIQ,Weatherford International PLC,2006,2009
WHR,Whirlpool Corp,2004,2023
WINMQ,Windstream Holdings Inc,2007,2015
WM,Waste Management Inc,2004,2023
WMB,Williams Cos Inc/The,2004,2023
WMT,Walmart Inc,2004,2023
WNDXQ,Winn-Dixie Stores Inc/Old,2004,2004
WOR,Worthington Industries Inc,2004,2004
WPX,WPX Energy Inc,2013,2014
WRB,W R Berkley Corp,2020,2023
WRK,Westrock Co,2016,2023
WST,West Pharmaceutical Services Inc,2021,2023
WTW,Willis Towers Watson PLC,2017,2023
WU,Western Union Co/The,2007,2021
WWY,Wm Wrigley Jr Co,2004,2008
WY,Weyerhaeuser Co,2004,2023
WYE,Wyeth LLC,2004,2009
WYNN,Wynn Resorts Ltd,2009,2023
X,United States Steel Corp,2004,2014
XEC,Cimarex Energy Co,2015,2020
XEL,Xcel Energy Inc,2004,2023
XLNX,Xilinx Inc,2004,2022
XOM,Exxon Mobil Corp,2004,2023
XRAY,DENTSPLY SIRONA Inc,2009,2023
XRX,Xerox Holdings Corp,2004,2021
XTO,XTO Energy Inc,2005,2010
XYL,Xylem Inc/NY,2012,2023
YUM,Yum! Brands Inc,2004,2023
ZBH,Zimmer Biomet Holdings Inc,2004,2023
ZBRA,Zebra Technologies Corp,2020,2023
ZION,Zions Bancorp NA,2004,2023
ZTS,Zoetis Inc,2014,2023
